BillingID,PatientID,AmountDue,Payment Status
8792664,1014005,1804,Pending
8013361,1536843,4042,Partially Paid
8141292,1241448,1011,Overdue
8541640,1034605,4839,Pending
8663086,1740987,4837,Pending
8979269,1264569,3529,Payment Plan
8946268,1285814,3014,Payment Plan
8486036,1815432,1387,Partially Paid
8095633,1416113,1232,Unpaid
8040413,1208457,2975,Overdue
8147171,1425481,2616,Unpaid
8828831,1267555,3371,Payment Plan
8316428,1675821,1909,Unpaid
8032903,1868240,3728,Partially Paid
8311552,1768451,4452,Overdue
8912269,1495556,123,Paid
8650706,1575872,2420,Unpaid
8722887,1887078,3209,Paid
8405588,1158175,4633,Payment Plan
8954931,1583601,958,Partially Paid
8850366,1571874,204,Unpaid
8726993,1781757,3328,Partially Paid
8842661,1842600,883,Overdue
8442969,1585540,2499,Paid
8295820,1235086,3030,Unpaid
8225173,1063547,3696,Unpaid
8642292,1336287,2366,Payment Plan
8554495,1569110,760,Overdue
8853316,1654885,4029,Pending
8745505,1167932,1944,Paid
8488253,1782852,3385,Payment Plan
8667462,1908884,2677,Pending
8461962,1647606,2931,Pending
8933647,1198310,2493,Payment Plan
8624580,1807666,4813,Overdue
8307467,1132522,4013,Partially Paid
8613077,1014705,4861,Overdue
8762928,1401048,2239,Pending
8850711,1951298,4065,Paid
8045644,1301930,1868,Pending
8324842,1154691,991,Pending
8746295,1615644,900,Overdue
8902218,1700885,1025,Paid
8809948,1514615,1777,Partially Paid
8009883,1396941,4679,Unpaid
8556150,1576173,4815,Unpaid
8736684,1904666,1364,Payment Plan
8359901,1135344,3628,Partially Paid
8650760,1636816,8,Paid
8178665,1414173,1763,Payment Plan
8367776,1797248,3546,Unpaid
8864802,1360037,1061,Unpaid
8406365,1435750,424,Overdue
8275734,1515023,131,Payment Plan
8957231,1164447,3605,Unpaid
8578595,1318540,1294,Overdue
8309077,1906727,2420,Overdue
8869373,1625645,4304,Overdue
8224594,1672186,1014,Pending
8759716,1803170,1245,Partially Paid
8699384,1098742,426,Unpaid
8870605,1996401,3379,Overdue
8096037,1153868,1213,Payment Plan
8567941,1484091,2915,Payment Plan
8437650,1200038,1508,Partially Paid
8932316,1878728,2421,Pending
8798424,1084123,1366,Overdue
8704152,1511835,3850,Overdue
8167788,1004872,2562,Payment Plan
8893656,1066463,822,Payment Plan
8036434,1111832,1428,Paid
8851751,1469245,2242,Unpaid
8217953,1121207,3202,Payment Plan
8888967,1829716,3015,Paid
8808601,1905849,4284,Overdue
8701772,1513568,3370,Payment Plan
8923466,1502679,2527,Partially Paid
8685702,1390502,4667,Unpaid
8290356,1201887,216,Payment Plan
8828179,1528915,3568,Pending
8321766,1540613,4540,Unpaid
8663940,1047643,1015,Pending
8506459,1731469,4291,Payment Plan
8380133,1287579,1364,Pending
8115401,1293567,937,Overdue
8361432,1843377,2502,Paid
8175218,1311914,3736,Pending
8421989,1291903,1218,Partially Paid
8665023,1817786,509,Payment Plan
8378240,1678580,3695,Pending
8476445,1575811,886,Partially Paid
8658555,1248772,1881,Pending
8427378,1340346,4774,Partially Paid
8957731,1298859,833,Pending
8943591,1157499,3953,Unpaid
8061047,1740906,4865,Payment Plan
8970670,1495592,3148,Partially Paid
8597165,1648865,1223,Payment Plan
8195644,1217595,2235,Pending
8676071,1131416,4418,Unpaid
8051159,1488511,4550,Pending
8573414,1809690,3572,Partially Paid
8710681,1928860,689,Unpaid
8198982,1127109,3899,Pending
8821842,1406410,4010,Partially Paid
8853048,1023627,3243,Pending
8742073,1600910,2934,Payment Plan
8154432,1079673,3596,Pending
8972133,1307663,1893,Overdue
8681349,1020838,1995,Payment Plan
8510376,1355171,1643,Overdue
8290749,1961605,237,Paid
8604505,1981744,1165,Paid
8399474,1806543,1091,Payment Plan
8823323,1153212,734,Pending
8189919,1243800,473,Paid
8648455,1606690,466,Partially Paid
8235631,1963199,466,Pending
8663010,1977272,3986,Overdue
8839841,1617600,416,Paid
8778743,1473575,2737,Paid
8085866,1389306,1977,Pending
8995560,1662727,4762,Partially Paid
8901619,1206451,2574,Pending
8879854,1673218,4189,Unpaid
8369617,1944702,3616,Overdue
8077692,1450893,4104,Overdue
8423817,1474020,381,Partially Paid
8144345,1820440,4626,Overdue
8128910,1025220,3050,Overdue
8223727,1515888,3282,Overdue
8469672,1313117,4251,Payment Plan
8909178,1053301,3944,Paid
8362240,1988696,538,Paid
8565773,1167244,3811,Overdue
8571448,1131833,3476,Unpaid
8792788,1157556,4020,Pending
8311817,1800412,29,Pending
8112418,1339593,2732,Payment Plan
8374488,1676880,4198,Payment Plan
8675859,1262259,4955,Payment Plan
8555444,1556881,2766,Pending
8411504,1478591,1680,Unpaid
8576063,1270314,2458,Pending
8918983,1188752,2680,Unpaid
8695825,1067326,402,Partially Paid
8134819,1283589,4600,Overdue
8516543,1373096,2301,Payment Plan
8955259,1461843,1988,Overdue
8455263,1330982,4804,Unpaid
8928175,1208097,3984,Pending
8702208,1644397,4032,Unpaid
8857506,1986159,360,Payment Plan
8279167,1880808,3415,Overdue
8679681,1865491,1266,Overdue
8262810,1428294,4592,Unpaid
8985167,1675804,553,Paid
8631050,1514291,4432,Payment Plan
8089932,1963317,3932,Unpaid
8644600,1013219,664,Overdue
8387096,1391821,2262,Overdue
8386783,1416490,363,Overdue
8392699,1024360,1323,Overdue
8101950,1931833,4042,Payment Plan
8956237,1967763,2941,Partially Paid
8261654,1104901,765,Unpaid
8508634,1748549,3563,Payment Plan
8319349,1878707,1363,Unpaid
8913943,1417486,1511,Partially Paid
8625988,1165490,652,Paid
8347212,1683897,297,Paid
8268268,1156373,1383,Partially Paid
8321174,1933571,1770,Payment Plan
8903273,1313128,438,Partially Paid
8487928,1268038,1279,Pending
8091300,1140087,254,Unpaid
8995100,1387352,3019,Partially Paid
8516596,1980698,3987,Unpaid
8422525,1287834,1455,Partially Paid
8133598,1655658,3444,Paid
8749445,1303154,4737,Paid
8990443,1798122,4038,Unpaid
8326238,1644215,4822,Unpaid
8720585,1849949,922,Unpaid
8729701,1052775,1276,Pending
8933850,1399233,3576,Payment Plan
8507573,1798870,771,Paid
8674398,1712294,3503,Paid
8266873,1856722,567,Paid
8656080,1825938,2071,Payment Plan
8211635,1735346,2380,Partially Paid
8655346,1928066,2738,Pending
8560861,1475090,3536,Overdue
8968680,1080490,2506,Payment Plan
8478341,1883804,4804,Paid
8698701,1519243,2461,Payment Plan
8622642,1578201,3943,Paid
8746369,1855633,2061,Pending
8322763,1843510,621,Paid
8881685,1761872,1970,Pending
8719354,1214032,4214,Payment Plan
8899803,1282806,2825,Partially Paid
8318795,1125876,377,Pending
8467511,1408990,3970,Paid
8641961,1571366,2148,Partially Paid
8713707,1132979,2843,Overdue
8609944,1898574,4913,Unpaid
8491645,1299038,3393,Payment Plan
8844605,1548640,3440,Pending
8146193,1500854,260,Overdue
8779680,1769484,1379,Unpaid
8565351,1093235,3473,Pending
8449287,1835047,4228,Unpaid
8010957,1017995,3020,Overdue
8898993,1147424,4045,Overdue
8829143,1457585,2509,Paid
8082305,1300426,4115,Pending
8090130,1942671,3564,Payment Plan
8481655,1131044,1451,Payment Plan
8735557,1622885,3253,Pending
8872585,1793507,4007,Unpaid
8836661,1768508,3369,Overdue
8826588,1827987,930,Pending
8461316,1967721,3931,Pending
8826147,1893512,4647,Payment Plan
8071171,1877474,1750,Pending
8794131,1580675,3526,Paid
8747688,1266189,382,Paid
8461587,1095995,75,Partially Paid
8271905,1346239,3789,Payment Plan
8580643,1756700,50,Partially Paid
8720020,1469203,2914,Unpaid
8865031,1503714,412,Payment Plan
8613606,1569929,4598,Overdue
8067602,1409675,906,Payment Plan
8790080,1868547,4939,Pending
8792941,1460946,2582,Payment Plan
8169942,1697502,951,Partially Paid
8903270,1702635,2938,Unpaid
8839034,1026010,4821,Payment Plan
8676367,1267634,2636,Partially Paid
8482521,1023308,4709,Partially Paid
8120226,1673723,3447,Paid
8796125,1686827,2437,Unpaid
8525338,1438896,2060,Overdue
8281397,1369805,56,Unpaid
8866419,1614985,4835,Pending
8173409,1723763,3390,Paid
8707169,1698762,1495,Paid
8253830,1403792,2785,Partially Paid
8765943,1930187,1259,Paid
8327302,1713189,31,Partially Paid
8939452,1748558,3789,Paid
8787734,1273987,2559,Partially Paid
8258867,1849676,4787,Payment Plan
8038254,1679203,1901,Overdue
8651814,1778065,3448,Pending
8444453,1118627,228,Overdue
8864245,1337947,1658,Paid
8848806,1245948,2208,Pending
8910039,1141738,304,Partially Paid
8877290,1354774,2398,Overdue
8361703,1415804,2042,Unpaid
8972572,1797514,666,Paid
8820305,1198345,1160,Unpaid
8211130,1232304,3660,Overdue
8396883,1517780,4072,Payment Plan
8722300,1310431,805,Payment Plan
8885625,1468036,688,Payment Plan
8890417,1841012,2929,Pending
8237577,1756973,4592,Partially Paid
8297395,1539308,177,Overdue
8936347,1539259,1747,Paid
8855128,1839715,2297,Paid
8275658,1156018,4534,Payment Plan
8448379,1173943,4375,Unpaid
8355088,1316496,1978,Payment Plan
8039030,1384924,4964,Unpaid
8703915,1192296,2465,Paid
8807784,1805242,2265,Pending
8370109,1914918,489,Payment Plan
8782166,1023202,643,Payment Plan
8319268,1081178,4776,Unpaid
8986636,1951192,1135,Payment Plan
8923257,1652678,1591,Pending
8625908,1156954,3818,Pending
8712171,1610164,1700,Payment Plan
8230596,1530309,1716,Payment Plan
8457014,1498770,3048,Payment Plan
8980594,1129006,2126,Unpaid
8997870,1425048,2374,Payment Plan
8363576,1136414,651,Partially Paid
8189255,1855530,2541,Partially Paid
8304033,1134224,2008,Unpaid
8096835,1903935,4178,Pending
8320777,1958262,2227,Payment Plan
8168387,1906517,552,Paid
8388807,1282771,1543,Pending
8003353,1672483,4642,Payment Plan
8548896,1141179,2778,Paid
8543984,1886138,3258,Payment Plan
8486622,1469810,4728,Partially Paid
8006087,1751096,3948,Paid
8384664,1031698,1909,Partially Paid
8340444,1965083,4392,Partially Paid
8070372,1677690,3363,Pending
8959744,1296441,2907,Unpaid
8867717,1766435,4302,Payment Plan
8951460,1137105,2453,Partially Paid
8507856,1647851,735,Overdue
8402207,1290412,38,Paid
8064811,1187718,3704,Overdue
8480213,1065120,4669,Pending
8307391,1016040,2302,Payment Plan
8584546,1598397,2852,Overdue
8639277,1641899,2328,Overdue
8038311,1052086,4176,Pending
8601617,1747728,1885,Pending
8786302,1612334,804,Payment Plan
8524259,1142909,1073,Partially Paid
8781028,1902643,2870,Partially Paid
8815913,1657528,3703,Paid
8982684,1081873,866,Unpaid
8397505,1946095,231,Partially Paid
8141687,1067318,1039,Unpaid
8643026,1401456,2977,Payment Plan
8457644,1941876,4206,Pending
8641767,1055851,52,Pending
8063667,1026091,1120,Unpaid
8427677,1504328,3861,Payment Plan
8022781,1615616,420,Partially Paid
8288120,1121872,1476,Pending
8053180,1665887,517,Partially Paid
8521824,1083653,3293,Partially Paid
8932649,1709888,4768,Unpaid
8704488,1451995,16,Unpaid
8833535,1488299,1839,Pending
8617068,1077969,1319,Pending
8346500,1328529,2151,Unpaid
8814156,1584156,825,Payment Plan
8158194,1098292,2767,Payment Plan
8935972,1968510,2404,Unpaid
8986970,1256536,3352,Overdue
8489077,1266865,2920,Unpaid
8081664,1485736,3345,Unpaid
8282624,1932437,374,Pending
8643833,1912706,3508,Overdue
8240799,1558098,3948,Partially Paid
8010414,1762431,1469,Paid
8786010,1119283,3176,Overdue
8922822,1130455,3980,Overdue
8167863,1736639,2268,Partially Paid
8547012,1329915,2715,Unpaid
8842779,1087026,1508,Pending
8208483,1949481,2121,Overdue
8323527,1892268,2681,Partially Paid
8957613,1871110,1705,Unpaid
8442508,1668354,1340,Partially Paid
8180092,1265858,3507,Paid
8377511,1047839,4964,Payment Plan
8727237,1876600,1663,Partially Paid
8773021,1906052,2574,Pending
8076563,1236000,912,Overdue
8778669,1604865,198,Paid
8991436,1373616,59,Paid
8931180,1367131,4292,Partially Paid
8907514,1339982,4431,Payment Plan
8536036,1400782,3975,Payment Plan
8877390,1120146,1948,Unpaid
8563724,1542669,3140,Paid
8340600,1136327,2076,Pending
8423156,1277372,4168,Overdue
8473875,1150331,1081,Paid
8946922,1658267,74,Unpaid
8356703,1563690,3531,Payment Plan
8640895,1650270,2707,Pending
8861407,1094458,1816,Unpaid
8106089,1858060,3270,Unpaid
8006450,1699554,245,Unpaid
8924886,1624006,903,Paid
8860183,1483432,4944,Pending
8075822,1003884,541,Partially Paid
8723596,1856038,771,Partially Paid
8835959,1557341,1529,Unpaid
8953749,1209931,26,Paid
8624380,1291848,4921,Paid
8311886,1198130,147,Pending
8956327,1582294,1844,Paid
8320988,1792065,4207,Unpaid
8350091,1753805,1970,Paid
8711364,1374375,1831,Unpaid
8281565,1141722,4765,Paid
8553466,1363192,2741,Paid
8184623,1664564,2529,Pending
8205983,1933896,3753,Payment Plan
8534503,1011017,3902,Overdue
8075293,1827184,1703,Unpaid
8045864,1779504,534,Partially Paid
8272749,1086913,2016,Unpaid
8726156,1776412,4004,Partially Paid
8958786,1820080,3679,Unpaid
8999639,1580869,4516,Unpaid
8419887,1923378,4095,Payment Plan
8777100,1151217,694,Partially Paid
8038400,1811736,327,Partially Paid
8669772,1411312,2151,Partially Paid
8166157,1722987,1026,Payment Plan
8620043,1039765,3693,Payment Plan
8128419,1426203,4856,Partially Paid
8545447,1819993,3983,Unpaid
8591019,1401190,2356,Paid
8880305,1455218,2787,Unpaid
8414779,1180115,455,Unpaid
8200335,1469216,269,Partially Paid
8209338,1119271,492,Pending
8941994,1086939,392,Unpaid
8862472,1263406,4864,Pending
8710113,1760407,1046,Partially Paid
8887732,1000638,2208,Paid
8930257,1846840,4563,Payment Plan
8864697,1321898,4756,Partially Paid
8038058,1624581,1464,Paid
8434707,1488462,3806,Partially Paid
8513238,1954700,2081,Paid
8446277,1191394,4892,Paid
8830022,1134425,852,Unpaid
8524013,1942609,4168,Payment Plan
8812973,1770065,888,Partially Paid
8794349,1547822,3868,Pending
8167393,1409418,1725,Paid
8393884,1628546,4474,Pending
8061590,1501572,874,Partially Paid
8698228,1609307,2778,Unpaid
8533727,1570506,2424,Overdue
8154442,1324243,1552,Paid
8934107,1838366,1478,Overdue
8598066,1620872,1557,Partially Paid
8519501,1279232,3896,Unpaid
8071369,1165070,3511,Pending
8223273,1836932,2402,Overdue
8953789,1140047,4230,Overdue
8088124,1943133,1986,Overdue
8236840,1907045,4185,Paid
8376583,1504763,2937,Paid
8459724,1010984,1821,Payment Plan
8817999,1640438,1786,Paid
8030613,1250286,2162,Payment Plan
8912508,1920227,1521,Pending
8008289,1860805,326,Overdue
8883463,1864361,812,Overdue
8670201,1381434,2856,Partially Paid
8642740,1453967,4665,Pending
8151996,1089661,1149,Partially Paid
8109500,1567402,4600,Pending
8034314,1919819,15,Payment Plan
8734565,1025154,4372,Paid
8196126,1442753,1781,Payment Plan
8542982,1953162,387,Payment Plan
8204246,1623528,1381,Overdue
8170273,1843668,3274,Pending
8563086,1511666,1891,Unpaid
8040497,1947974,2595,Unpaid
8728148,1182144,546,Overdue
8935249,1185432,4068,Overdue
8010420,1320828,2675,Paid
8277573,1325346,739,Partially Paid
8118381,1504865,1293,Paid
8080591,1558880,328,Unpaid
8764822,1123404,3589,Unpaid
8969153,1933472,3439,Payment Plan
8379347,1193029,3825,Unpaid
8241321,1796222,1560,Overdue
8210685,1041562,575,Overdue
8055798,1514662,2634,Payment Plan
8976377,1237367,2704,Overdue
8223604,1552307,1483,Paid
8338096,1376423,3926,Payment Plan
8508544,1326949,3300,Payment Plan
8185578,1700830,1709,Overdue
8455245,1850582,677,Payment Plan
8377001,1420677,3170,Paid
8892786,1929770,4214,Partially Paid
8965025,1216032,59,Unpaid
8126429,1334803,2071,Payment Plan
8553279,1455154,2174,Partially Paid
8641122,1618807,4168,Unpaid
8758754,1182587,1220,Payment Plan
8050831,1048761,595,Pending
8594592,1143341,535,Paid
8484175,1156389,4438,Pending
8067362,1437688,3639,Unpaid
8469460,1593906,3020,Partially Paid
8761399,1463215,562,Pending
8340113,1240545,2145,Paid
8660833,1114831,4012,Paid
8457222,1683672,2262,Paid
8703225,1085541,3148,Overdue
8834175,1148287,1224,Overdue
8025290,1230221,4508,Partially Paid
8336074,1778089,3319,Payment Plan
